Code,Quantity,Variant
8806173424573,1000,
8806173424566,1000,
8806173429233,1000,
8806173427260,1000,
8806173427321,1000,
8806173424580,1000,
8806173423804,1000,
8806173423781,1000,
8806173424559,1000,
8806173423231,1000,
8806173425860,1000,
8806173420513,1000,
8806173427307,1000,
8806173433155,1000,
8806173425877,1000,
8806173425471,1000,
8806173425488,1000,
8806173426430,1000,
8806173428687,1000,
8806173423866,1000,
8806173426423,1000,
8806173425853,1000,
8806173431441,1000,
8806173425464,1000,
8806173425495,1000,
8806173424146,1000,
8806173426454,1000,
8806173426409,1000,
8806173419586,1000,
8806173434831,1000,
8806173422234,1000,
8806173425600,1000,
8806173428823,1000,
8806173425204,1000,
8806173419203,1000,
8806173430260,1000,
8806173424962,1000,
8806173422166,1000,
8806173425617,1000,
8806173423576,1000,
8806173429196,1000,
8806173436149,1000,
8806173438914,1000,
8806173422227,1000,
8806173424979,1000,
8806173412334,1000,
8806173426379,1000,
8806173424986,1000,
8806173420032,1000,
8806173420698,1000,
8806173419555,1000,
8806173425525,1000,
8806173424351,1000,
8806173419715,1000,
8806173424443,1000,
8806173422395,1000,
8806173430031,1000,
8806173425563,1000,
8806173425532,1000,
8806173426287,1000,
8806173426270,1000,
8806173420858,1000,
8806173420872,1000,
8806173420896,1000,
8806173416370,1000,
8806173416394,1000,
8806173416400,1000,
8806173420841,1000,
8806173420865,1000,
8806173420889,1000,
8806173425556,1000,
8806173426485,1000,
8806173426515,1000,
8806173426508,1000,
8806173427987,1000,
8806173427383,1000,
8806173417032,1000,
8806173424368,1000,
8806173431892,1000,
8806173424436,1000,
8806173425501,1000,
8806173420803,1000,
8806173419531,1000,
8806173416264,1000,
8806173420810,1000,
8806173418985,1000,
8806173417018,1000,
8806173416288,1000,
8806173429028,1000,
8806173426324,1000,
8806173420643,1000,
8806173416332,1000,
8806173424597,1000,
8806173421572,1000,
8806173436026,1000,
8806173425792,1000,
8806173429011,1000,
8806173429035,1000,
8806173427123,1000,
8806173437405,1000,
8806173429066,1000,
8806173427109,1000,
8806173419876,1000,
8806173416318,1000,
8806173420155,1000,
8806173434725,1000,
8806173434817,1000,
8806173434909,1000,
8806173422210,1000,
8806173434626,1000,
8806173422012,1000,
8806173422203,1000,
8806173422180,1000,
8806173416325,1000,
8806173422173,1000,
8806173422159,1000,
8806173430277,1000,
8806173434640,1000,
8806173420728,1000,
8806173422197,1000,
8806173418961,1000,
8806173419708,1000,
8806173419739,1000,
8806173432615,1000,
8806173419012,1000,
8806173433469,1000,
8806173420193,1000,
8806173420209,1000,
8806173418954,1000,
8806173419685,1000,
8806173419722,1000,
8806173419036,1000,
8806173422074,1000,
8806173422050,1000,
8806173422043,1000,
8806173422029,1000,
8806173418978,1000,
8806173418947,1000,
8806173421596,1000,
8806173421633,1000,
8806173434633,1000,
8806173439423,1000,
8806173419692,1000,
8806173419043,1000,
8806173430024,1000,
8806173422067,1000,
8806173424337,1000,
8806173422036,1000,
8806173416745,1000,
8806173439171,1000,
8806173434855,1000,
8806173434824,1000,
8806173438464,1000,
8806173424306,1000,
8806173422715,1000,
8806173434862,1000,
8806173435982,1000,
8806173436002,1000,
8806173433124,1000,
8806173433131,1000,
8806173439430,1000,
8806173435050,1000,
8806173423408,1000,
8806173435999,1000,
8806173438471,1000,
8806173433568,1000,
8806173424450,1000,
8806173439607,1000,
8806173423323,1000,
8806173439164,1000,
8806173434893,1000,
8806173435074,1000,
8806173423354,1000,
8806173424313,1000,
8806173424290,1000,
8806173434886,1000,
8806173434879,1000,
8806173423378,1000,
8806173434848,1000,
8806173423361,1000,
8806173423385,1000,
8806173439591,1000,
8806173437818,1000,
8806173427314,1000,
8806173425587,1000,
8806173424917,1000,
8806173420735,1000,
8806173423330,1000,
8806173419524,1000,
8806173419562,1000,
8806173419395,1000,
8806173425341,1000,
8806173424900,1000,
8806173424924,1000,
8806173419548,1000,
8806173439409,1000,
8806173427390,1000,
8806173419784,1000,
8806173424160,1000,
8806173422081,1000,
8806173429202,1000,
8806173427451,1000,
8806173424177,1000,
8806173422371,1000,
8806173420322,1000,
8806173426416,1000,
8806173424153,1000,
8806173424658,1000,
8806173426386,1000,
8806173439393,1000,
8806173424689,1000,
8806173424672,1000,
8806173439379,1000,
8806173422845,1000,
8806173433117,1000,
8806173434008,1000,
8806173440306,1000,
8806173434961,1000,
8806173435616,1000,
8806173436484,1000,
8806173432417,1000,
8806173434978,1000,
8806173434992,1000,
8806173434985,1000,
8806173435241,1000,
8806173437382,1000,
8806173433995,1000,
8806173440313,1000,
8806173435005,1000,
8806173432554,1000,
8806173432561,1000,
8806173432578,1000,
8806173432585,1000,
8806173432592,1000,
8806173434954,1000,
8806173434558,1000,
8806173433414,1000,
8806173439065,1000,
8806173435753,1000,
8806173433476,1000,
8806173435777,1000,
8806173435036,1000,
8806173435043,1000,
8806173434145,1000,
8806173435548,1000,
8806173433421,1000,
8806173435364,1000,
8806173437061,1000,
8806173435760,1000,
8806173435203,1000,
8806173435197,1000,
8806173437054,1000,
8806173437399,1000,
8806173435067,1000,
8806173434152,1000,
8806173435234,1000,
8806173434947,1000,
8806173441211,1000,
8806173437368,1000,
8806173439355,1000,
8806173441204,1000,
8806173423415,1000,
8806173419852,1000,
8806173437375,1000,
8806173427116,1000,
8806173422142,1000,
8806173433377,1000,
8806173419869,1000,
8806173436590,1000,
8806173436064,1000,
8806173436620,1000,
8806173436613,1000,
8806173433537,1000,
8806173436507,1000,
8806173440498,1000,
8806173439485,1000,
8806173436514,1000,
8806173436606,1000,
8806173431168,1000,
8806173423392,1000,
8806173432059,1000,
8806173420179,1000,
8806173435265,1000,
8806173435609,1000,
8806173435029,1000,
8806173435210,1000,
8806173435920,1000,
8806173435913,1000,
8806173434299,1000,
8806173436675,1000,
8806173432257,1000,
8806173436583,1000,
8806173433162,1000,
8806173436132,1000,
8806173434404,1000,
8806173426843,1000,
8806173425570,1000,
8806173440283,1000,
8806173432004,1000,
8806173432011,1000,
8806173423798,1000,
8806173432035,1000,
8806173438150,1000,
8806173438501,1000,
8806173438518,1000,
8806173438525,1000,
8806173438532,1000,
8806173436033,1000,
8806173421626,1000,
8806173432875,1000,
8806173422708,1000,
8806173435227,1000,
8806173437795,1000,
8806173435531,1000,
8806173433438,1000,
8806173439362,1000,
8806173436477,1000,
8806173432530,1000,
8806173439386,1000,
8806173440382,1000,
8806173439645,1000,
8806173439638,1000,
8806173439614,1000,
8806173439621,1000,
8806173435258,1000,
8806173438143,1000,
8806173422838,1000,
880617342929,1000,
8806173432943,1000,
8806173432950,1000,
8806173440276,1000,
8806173426850,1000,
8806173436767,1000,
8806173436774,1000,
8806173435012,1000,
8806173436668,1000,
8806173438495,1000,
8806173436682,1000,
8806173436576,1000,
8806173433230,1000,
8806173433247,1000,
8806173433254,1000,
8806173433261,1000,
8806173433278,1000,
8806173433308,1000,
8806173433315,1000,
8806173433322,1000,
8806173433339,1000,
8806173433346,1000,
8806173440788,1000,
8806173440795,1000,
8806173440801,1000,
8806173431984,1000,
8806173416363,1000,
8806173433612,1000,
8806173433629,1000,
8806173431977,1000,
8806173432042,1000,
8806173431939,1000,
8806173431946,1000,
8806173433452,1000,
8806173440085,1000,
8806173431960,1000,
8806173433605,1000,
8806173440979,1000,
8806173440962,1000,
8806173430420,1000,
8806173429684,1000,
8806173434022,1000,
8806173437689,1000,
8806173430444,1000,
8806173429660,1000,
8806173434015,1000,
8806173433599,1000,
8806173429677,1000,
8806173432486,1000,
8806173427093,1000,
8806173427215,1000,
8806173438198,1000,
8806173427130,1000,
8806173438990,1000,
8806173437580,1000,
8806173439652,1000,
8806173440054,1000,
8806173439003,1000,
8806173422302,1000,
8806173430390,1000,
8806173422289,1000,
8806173430406,1000,
880617342912,1000,
8806173422296,1000,
8806173433360,1000,
8806173420162,1000,
8806173419777,1000,
8806173430413,1000,
8806173419623,1000,
8806173439157,1000,
880617342936,1000,
8806173430376,1000,
8806173439133,1000,
8806173434916,1000,
8806173439140,1000,
8806173430369,1000,
8806173430383,1000,
8806173437771,1000,
8806173432028,1000,
8806173437788,1000,
8806173431175,1000,
8806173434923,1000,
8806173430437,1000,
8806173422692,1000,
8806173423347,1000,
8806173420681,1000,
8806173425372,1000,
8806173433445,1000,
8806173427239,1000,
8806173434282,1000,
8806173434237,1000,
8806173434213,1000,
8806173418015,1000,
8806173419609,1000,
8806173426393,1000,
8806173423484,1000,
8806173440047,1000,
8806173440078,1000,
8806173425198,1000,
8806173424412,1000,
8806173434930,1000,
8806173437870,1000,
8806173440955,1000,
8806173440092,1000,
8806173437887,1000,
8806173438891,1000,
8806173437863,1000,
8806173439348,1000,
8806173435951,1000,
8806173420018,1000,
8806173434381,1000,
8806173440931,1000,
8806173440696,1000,
8806173440689,1000,
8806173440665,1000,
8806173440948,1000,
8806173440931,1000,
8806173438259,1000,
8806173437573,1000,
8806173434367,1000,
8806173437894,1000,
8806173436538,1000,
8806173436705,1000,
8806173436699,1000,
8806173438273,1000,
8806173434398,1000,
8806173440948,1000,
8806173426591,1000,
8806173434206,1000,
8806173417940,1000,
8806173420308,1000,
8806173438822,1000,
8806173438815,1000,
8806173438808,1000,
8806173420315,1000,
8806173411993,1000,
8806173424252,1000,
8806173436835,1000,
8806173436781,1000,
8806173436965,1000,
8806173436958,1000,
8806173436798,1000,
8806173436910,1000,
8806173436804,1000,
8806173436811,1000,
8806173436859,1000,
8806173436941,1000,
8806173436934,1000,
8806173436873,1000,
8806173436903,1000,
8806173436897,1000,
8806173436972,1000,
8806173436866,1000,
8806173436989,1000,
8806173436842,1000,
8806173419678,1000,
8806173426447,1000,
8806173424665,1000,
8806173420025,1000,
8806173425549,1000,
8806173423491,1000,
8806173437108,1000,
8806173437092,1000,
8806173423552,1000,
8806173414123,1000,
8806173416219,1000,
8806173438297,1000,
8806173429189,1000,
8806173439041,1000,
8806173416202,1000,
8806173434220,1000,
8806173438303,1000,
8806173426003,1000,
8806173439072,1000,
8806173425976,1000,
8806173425389,1000,
8806173425358,1000,
8806173425686,1000,
8806173425365,1000,
8806173439119,1000,
8806173440894,1000,
8806173438310,1000,
8806173433742,1000,
8806173427376,1000,
8806173433735,1000,
8806173438327,1000,
8806173433728,1000,
8806173431786,1000,
8806173437498,1000,
8806173437504,1000,
8806173437528,1000,
8806173437535,1000,
8806173437641,1000,
8806173437511,1000,
8806173437184,1000,
8806173441990,1000,
8806173424344,1000,
8806173424382,1000,
8806173439263,1000,
8806173437221,1000,
8806173436644,1000,
8806173437207,1000,
8806173437191,1000,
8806173437177,1000,
8806173437238,1000,
8806173437160,1000,
8806173436491,1000,
8806173424894,1000,
8806173424269,1000,
8806173424870,1000,
8806173437214,1000,
8806173436637,1000,
8806173437245,1000,
8806173437153,1000,
8806173425211,1000,
8806173425808,1000,
8806173425815,1000,
8806173431458,1000,
8806173416981,1000,
8806173416929,1000,
8806173417063,1000,
8806173416998,1000,
8806173417094,1000,
8806173416974,1000,
8806173417100,1000,
8806173424887,1000,
8806173416967,1000,
8806173417025,1000,
8806173417049,1000,
8806173420377,1000,
